{"lasso_score": 0.13251562649454546, "xgb_score": 0.13301039043621427, "lgbm_score": 0.1328340721553646}